{
  "index": 192,
  "label": 0,
  "point": [
    0.07284560799598694,
    0.17438648641109467
  ],
  "margin": 1.0
}